{"cameraMode":{"drawMode":0,"name":"Shaded","section":"Shading Mode"},"sceneLighting":true,"audioPlay":false,"sceneViewState":{"showFog":true,"showMaterialUpdate":false,"showSkybox":true,"showFlares":true,"showImageEffects":true,"showParticleSystems":true},"in2DMode":false,"pivot":{"x":-7.482607841491699,"y":-10.250411987304688,"z":5.5575852394104},"rotation":{"x":0.2886207103729248,"y":-0.6504201889038086,"z":0.29422158002853396,"w":0.6380431652069092},"size":25.75699234008789,"orthographic":false}